{"cameraMode":{"drawMode":0,"name":"Shaded","section":"Shading Mode"},"sceneLighting":true,"audioPlay":false,"sceneViewState":{"showFog":true,"showMaterialUpdate":true,"showSkybox":true,"showFlares":true,"showImageEffects":true,"showParticleSystems":true},"in2DMode":false,"pivot":{"x":213.8418426513672,"y":119.09716796875,"z":-53.96295928955078},"rotation":{"x":0.0033043876755982639,"y":0.055466312915086749,"z":-0.00018352681945543736,"w":0.9984582662582398},"size":222.0646514892578,"orthographic":false}