{"cameraMode":{"drawMode":0,"name":"Shaded","section":"Shading Mode"},"sceneLighting":true,"audioPlay":false,"sceneViewState":{"showFog":true,"showMaterialUpdate":true,"showSkybox":true,"showFlares":true,"showImageEffects":true,"showParticleSystems":true},"in2DMode":false,"pivot":{"x":-20.569793701171876,"y":-275.4674072265625,"z":288.3377990722656},"rotation":{"x":0.36554276943206789,"y":-0.04829900339245796,"z":0.018954044207930566,"w":0.9294363856315613},"size":432.2734069824219,"orthographic":false}