{"cameraMode":{"drawMode":0,"name":"Shaded","section":"Shading Mode"},"sceneLighting":true,"audioPlay":false,"sceneViewState":{"showFog":true,"showMaterialUpdate":true,"showSkybox":true,"showFlares":true,"showImageEffects":true,"showParticleSystems":true},"in2DMode":false,"pivot":{"x":-12.700592994689942,"y":-335.800537109375,"z":202.75753784179688},"rotation":{"x":0.48239099979400637,"y":-0.03232794255018234,"z":0.017787929624319078,"w":0.875272810459137},"size":422.12945556640627,"orthographic":false}