{"cameraMode":{"drawMode":0,"name":"Shaded","section":"Shading Mode"},"sceneLighting":true,"audioPlay":false,"sceneViewState":{"showFog":true,"showMaterialUpdate":true,"showSkybox":true,"showFlares":true,"showImageEffects":true,"showParticleSystems":true},"in2DMode":false,"pivot":{"x":160.26193237304688,"y":-122.0418701171875,"z":-103.87460327148438},"rotation":{"x":0.13310007750988007,"y":0.8446905612945557,"z":-0.2463844120502472,"w":0.45631566643714907},"size":239.3015899658203,"orthographic":false}