{"cameraMode":{"drawMode":0,"name":"Shaded","section":"Shading Mode"},"sceneLighting":false,"audioPlay":false,"sceneViewState":{"showFog":true,"showMaterialUpdate":true,"showSkybox":false,"showFlares":true,"showImageEffects":true,"showParticleSystems":true},"in2DMode":false,"pivot":{"x":213.84185791015626,"y":119.09716796875,"z":-55.17295837402344},"rotation":{"x":-0.06108330935239792,"y":0.047887906432151797,"z":0.002937914337962866,"w":0.9970110654830933},"size":2.8578836917877199,"orthographic":false}