{"cameraMode":{"drawMode":0,"name":"Shaded","section":"Shading Mode"},"sceneLighting":false,"audioPlay":false,"sceneViewState":{"showFog":true,"showMaterialUpdate":true,"showSkybox":false,"showFlares":true,"showImageEffects":true,"showParticleSystems":true},"in2DMode":false,"pivot":{"x":213.76324462890626,"y":117.39957427978516,"z":-54.082862854003909},"rotation":{"x":0.4880956709384918,"y":-0.17940238118171693,"z":0.10327653586864472,"w":0.8479295372962952},"size":5.063636779785156,"orthographic":false}