{"cameraMode":{"drawMode":0,"name":"Shaded","section":"Shading Mode"},"sceneLighting":true,"audioPlay":false,"sceneViewState":{"showFog":true,"showMaterialUpdate":true,"showSkybox":true,"showFlares":true,"showImageEffects":true,"showParticleSystems":true},"in2DMode":false,"pivot":{"x":198.33505249023438,"y":115.74839782714844,"z":-4.038578510284424},"rotation":{"x":-0.06108330935239792,"y":0.047887906432151797,"z":0.002937914337962866,"w":0.9970110654830933},"size":290.745361328125,"orthographic":false}