{"cameraMode":{"drawMode":0,"name":"Shaded","section":"Shading Mode"},"sceneLighting":true,"audioPlay":false,"sceneViewState":{"showFog":true,"showMaterialUpdate":true,"showSkybox":true,"showFlares":true,"showImageEffects":true,"showParticleSystems":true},"in2DMode":false,"pivot":{"x":1.9555270671844483,"y":11.263947486877442,"z":-9.513879776000977},"rotation":{"x":0.2660447061061859,"y":-0.055487073957920077,"z":0.015322702005505562,"w":0.9623594880104065},"size":20.31171989440918,"orthographic":false}