{"cameraMode":{"drawMode":0,"name":"Shaded","section":"Shading Mode"},"sceneLighting":true,"audioPlay":false,"sceneViewState":{"showFog":true,"showMaterialUpdate":true,"showSkybox":true,"showFlares":true,"showImageEffects":true,"showParticleSystems":true},"in2DMode":false,"pivot":{"x":-1.7082149982452393,"y":2.776702404022217,"z":-6.077157974243164},"rotation":{"x":0.21002839505672456,"y":0.04398161917924881,"z":-0.009443133138120175,"w":0.9767094850540161},"size":22.0,"orthographic":false}