{"cameraMode":{"drawMode":0,"name":"Shaded","section":"Shading Mode"},"sceneLighting":true,"audioPlay":false,"sceneViewState":{"showFog":true,"showMaterialUpdate":true,"showSkybox":true,"showFlares":true,"showImageEffects":true,"showParticleSystems":true},"in2DMode":false,"pivot":{"x":-3.3820536136627199,"y":3.7639992237091066,"z":5.436219692230225},"rotation":{"x":0.26068201661109927,"y":-0.010711821727454663,"z":0.002871466102078557,"w":0.965480387210846},"size":23.65580940246582,"orthographic":false}