{"cameraMode":{"drawMode":0,"name":"Shaded","section":"Shading Mode"},"sceneLighting":true,"audioPlay":false,"sceneViewState":{"showFog":true,"showMaterialUpdate":true,"showSkybox":true,"showFlares":true,"showImageEffects":true,"showParticleSystems":true},"in2DMode":false,"pivot":{"x":-131.01426696777345,"y":-225.51502990722657,"z":304.4122009277344},"rotation":{"x":0.2861120402812958,"y":-0.19741785526275636,"z":0.06031706929206848,"w":0.9357854127883911},"size":427.9143371582031,"orthographic":false}