{"cameraMode":{"drawMode":0,"name":"Shaded","section":"Shading Mode"},"sceneLighting":true,"audioPlay":false,"sceneViewState":{"showFog":true,"showMaterialUpdate":true,"showSkybox":true,"showFlares":true,"showImageEffects":true,"showParticleSystems":true},"in2DMode":false,"pivot":{"x":-0.3456675112247467,"y":-4.111547470092773,"z":16.266109466552736},"rotation":{"x":0.2383967787027359,"y":0.06347059458494187,"z":-0.015651270747184755,"w":0.9690887331962586},"size":48.29668045043945,"orthographic":false}