{"cameraMode":{"drawMode":0,"name":"Shaded","section":"Shading Mode"},"sceneLighting":false,"audioPlay":false,"sceneViewState":{"showFog":true,"showMaterialUpdate":true,"showSkybox":false,"showFlares":true,"showImageEffects":true,"showParticleSystems":true},"in2DMode":false,"pivot":{"x":0.45766115188598635,"y":1.223970651626587,"z":-0.5137922763824463},"rotation":{"x":0.17905957996845246,"y":0.7121147513389587,"z":-0.19616247713565827,"w":0.6499580144882202},"size":4.357883930206299,"orthographic":false}