{"cameraMode":{"drawMode":0,"name":"Shaded","section":"Shading Mode"},"sceneLighting":true,"audioPlay":false,"sceneViewState":{"showFog":true,"showMaterialUpdate":true,"showSkybox":true,"showFlares":true,"showImageEffects":true,"showParticleSystems":true},"in2DMode":false,"pivot":{"x":1.7694501876831055,"y":-7.023955345153809,"z":-6.859401702880859},"rotation":{"x":0.14944103360176087,"y":0.8352608680725098,"z":-0.45122918486595156,"w":0.276605486869812},"size":24.657318115234376,"orthographic":false}